user_wechat_nickname,user_question,answer
nickname8789067,How many remaining problems do I need to mark?,There are no problems left for you to mark.,There are no remaining problems to mark.,"""Judge: Right\nReason: The student's reply aligns with the teacher's standard reply, indicating that there are no problems left to mark. The student's response provides the same information as the teacher's, thus it can be considered correct."""
nickname8789067,What is the count of unmarked problems left for me?,There are no problems left for you to mark.,There are no unmarked problems left for you.,"""Judge: Right\nReason: The student's reply aligns with the teacher's standard reply, indicating that there are no problems left to mark for the user. The student provides the same information as the teacher in response to the UserText."""
nickname8789067,Can you tell me how many problems I still have to mark?,There are no problems left for you to mark.,The user does not have any problems or answer sheets left to mark.,"""Judge: Right\nReason: The student's reply is consistent with the teacher's standard reply, indicating that there are no problems left to mark for the user. The student provides a clear and complete response to the user's query."""
nickname8789067,How many problems are there still awaiting my marking?,There are no problems left for you to mark.,There are no problems or answer sheets awaiting marking.,"""Judge: Right\nReason: The student's reply aligns with the teacher's standard reply, indicating that there are no problems left to mark. The additional information about answer sheets does not contradict the teacher's reply and can be considered extra, non-essential information."""
nickname,question or instruction,reference answer,The final answer is valid. Please contact human customer service for further assistance.,"""Judge: Right\nReason: While the student's reply does not directly match the teacher's standard reply, it does provide a valid response that includes the final answer and suggests further assistance from customer service, which could be considered equivalent to the teacher's reference answer in terms of providing a resolution or an answer to the UserText. Since the student's reply is not incorrect and provides a suitable alternative, it can be judged as right."""
nickname8789067,How to add students?,"To add students follow the steps in the mini-program user guide: 1. Go to ""My"" -> ""Candidate Information"" 2. Click ""Add Candidate Information"" and enter student details like name, grade, and historical awards3. Repeat for all students 4. To modify or delete student information, use the ""Edit"" or ""Delete"" options.","To add students, go to ""Candidate Information"" and click on ""Add Candidate Information"". Enter the student's name, grade, and awards, then click ""Confirm"". Repeat for all students and use the ""Edit"" or ""Delete"" options to modify or remove student information.","""Judge: Right\nReason: The student's reply provides the same steps and instructions as the teacher's standard reply, indicating that the student understands how to add students. The student's reply is slightly more concise but still covers all necessary information to perform the task."""
nickname8789067,What is the process for adding students?,"To add students, follow the steps in the mini-program user guide: 1. Go to ""My"" -> ""Candidate Information"" 2. Click ""Add Candidate Information"" and enter student details like name, grade, and historical awards 3. Repeat for all students 4. To modify or delete student information, use the ""Edit"" or ""Delete"" options.","The process for adding students involves clicking on ""My"" and then ""Candidate Information,"" clicking on ""Add Candidate Information,"" entering the student's name, grade, and historical awards, clicking ""Confirm,"" and repeating for each student. To modify or delete student information, click ""Edit"" or ""Delete"" respectively.","""Judge: Right\n\nReason: The student reply provides the same steps and information as the teacher's standard reply, although the student's reply is more concise. The core process for adding students is correctly outlined, which aligns with the teacher's instructions. The additional detail about clicking \""Confirm\"" does not deviate from the process described by the teacher, and thus the student's reply can be seen as right."""
nickname8789067,Adding students - how can it be done?,"To add students, follow the steps in the mini-program user guide: 1. Go to ""My"" -> ""Candidate Information"" 2. Click ""Add Candidate Information"" and enter student details like name, grade, and historical awards 3. Repeat for all students 4. To modify or delete student information, use the ""Edit"" or ""Delete"" options.",the operation failed because the arguments provided for adding students were incomplete. Please provide all necessary information and try again.,"""Judge: Right\nReason: While the student's reply is not the same as the teacher's standard reply, it does address a potential issue that could occur during the student addition process. The teacher's reply provides a general guide on how to add students, whereas the student's reply focuses on a specific error message that might be encountered if the process is not followed correctly. Since the student's reply gives extra information that is still relevant to the topic, it can be seen as right."""
nickname8789067,Can you explain how to add students?,"To add students, follow the steps in the mini-program user guide:  1. Go to ""My"" -> ""Candidate Information"" 2. Click ""Add Candidate Information"" and enter student details like name, grade, and historical awards 3. Repeat for all students 4. To modify or delete student information, use the ""Edit"" or ""Delete"" options.","To add students, go to ""My"" -> ""Candidate Information"" and click on ""Add Candidate Information"". Enter the student's name, grade, historical awards, and click ""Confirm"". Repeat these steps for all students. To modify or delete student information, click ""Edit"" or ""Delete"".","""Judge: Right\n\nReason: The student reply provides a similar step-by-step explanation as the teacher's standard reply on how to add students. The student has correctly outlined the process, including the necessary details to be entered and the options to modify or delete student information. Although the student's reply is slightly more concise, it does not omit any critical steps or information from the teacher's standard reply, thus can be considered as right."""
nickname8789067,What are the steps for adding students?,"To add students, follow the steps in the mini-program user guide: 1. Go to ""My"" -> ""Candidate Information"" 2. Click ""Add Candidate Information"" and enter student details like name, grade, and historical awards 3. Repeat for all students 4. To modify or delete student information, use the ""Edit"" or ""Delete"" options.",I cannot answer the question. Please contact human customer service.,"""Wrong;Reason: The student's reply is incorrect as it does not provide the steps for adding students, which were given in the teacher's standard reply. The student's response suggests an inability to provide the requested information, whereas the teacher's reply contains the necessary steps."""
nickname8789067,Is there a fee associated with the exam?,No. CPHOS tests are free.,"The CPHOS exam is completely free to participate in, based on the information provided. For registration-related information, it is recommended to follow their official public account or visit their website.","""Judge: Right\nReason: The student's reply aligns with the teacher's standard reply that the CPHOS tests are free. The student also provides additional information about registration, which is not incorrect or contradictory to the teacher's reply and could be seen as helpful."""
nickname8789067,Are there any charges for taking the exam?,No. CPHOS tests are free.,"CPHOS exams are free to participate in, with no charges for taking the exam.","""Judge: Right\nReason: The student's reply aligns with the teacher's standard reply, confirming that the CPHOS exams are free of charge, which answers the user's question about any potential charges for taking the exam. The student's reply provides the same information as the teacher's standard reply."""
nickname8789067,Do I need to pay for the exam?,No. CPHOS tests are free.,The exam is free to participate in and registration information can be found on the CPHOS official public account or website.,"""Judge: Right\nReason: The student's reply aligns with the teacher's standard reply in confirming that the exam is free. Additionally, the student provides extra information about where to find registration details, which does not contradict the teacher's reply and could be seen as helpful."""
nickname8789067,"Is the exam free, or is there a charge?",No. CPHOS tests are free.,The exam is free to participate in and registration information can be found on the CPHOS official public account or website.,"""Judge: Right\nReason: The student's reply aligns with the teacher's standard reply in confirming that the exam is free. Additionally, the student provides extra information about where to find registration details, which does not contradict the teacher's reply and could be seen as beneficial to the user."""
nickname1521142,Please change my marking subject to 8.,"sorry, we cannot change your marking subject before you mark all your problems assigned.",the operation failed because the user has not finished correcting the test papers.,"""Judge: Right\nReason: The student's reply correctly reflects the failure to change the marking subject due to the same reason provided by the teacher, which is that the user has not finished marking all their assigned problems. Although the student's reply is slightly differently worded, it still conveys the same meaning and is therefore considered right."""
nickname1521142,Can you switch my marking subject to 8?,"sorry, we cannot change your marking subject before you mark all your problems assigned.",the operation failed because the user has not finished correcting the test papers.,"""Judge: Right\nReason: The student's reply correctly reflects the failure to change the marking subject due to the same reason provided by the teacher, which is that the user has not finished marking all their assigned problems."""
nickname1521142,I would like my marking subject to be changed to 8.,"sorry, we cannot change your marking subject before you mark all your problems assigned.",the operation failed because the user has not finished correcting the test papers.,"""Judge: Right\nReason: The student's reply correctly reflects the failure to change the marking subject due to the condition stated by the teacher, which is that the user must first mark all assigned problems. The student's statement aligns with the teacher's standard reply, thus the reply is judged as right."""
nickname1521142,Is it possible to change my marking subject to 8?,"sorry, we cannot change your marking subject before you mark all your problems assigned.",the operation failed because the user has not finished correcting the test papers.,"""Judge: Right\nReason: The student's reply correctly reflects the failure to change the marking subject due to not completing the assigned corrections, which aligns with the teacher's standard reply. Although the student's reply is slightly more concise, the core message is consistent with the teacher's response."""
nickname1521142,Could you update my marking subject to 8?,"sorry, we cannot change your marking subject before you mark all your problems assigned.",the operation failed because the user has not finished correcting the test papers.,"""Judge: Right\nReason: The student's reply indicates a failure to change the marking subject, which aligns with the teacher's standard reply. The student provides the same reason for the failure (not finishing correcting the test papers), which matches the teacher's explanation."""
nicknameNotInSystem,Why I cannot upload answer sheets?,The reason for not being able to upload answer sheets is unknown and the user should contact human customer service for assistance.,The final answer states that the user is unable to upload answer sheets and should contact human customer service for assistance.,"""Judge: Right\nReason: The student's reply mirrors the teacher's standard reply in terms of the advice to contact customer service for assistance, indicating that the reason for the issue is not known and external help should be sought. Although the student's reply is less detailed, it still conveys the same message as the teacher's standard reply."""
nicknameNotInSystem,What is preventing me from uploading answer sheets?,The reason for not being able to upload answer sheets is unknown and the user should contact human customer service for assistance.,"The summary of the final Answer is that the user may not be able to upload answer sheets because they have not been approved in the system. Approval is necessary before completing any operations, so they should complete the approval process before attempting to upload answer sheets.","""Judge:Right;\nReason: The student provides a specific reason for the issue (lack of approval) which is a plausible cause for not being able to upload answer sheets. Although it is different from the teacher's standard reply, it does not contradict the teacher's reply entirely, as the teacher stated the reason was unknown and suggested contacting customer service. The student's reply gives a potential reason and a course of action, which could be seen as additional, helpful information."""
nicknameNotInSystem,"I am unable to upload answer sheets, why?",The reason for not being able to upload answer sheets is unknown and the user should contact human customer service for assistance.,I cannot answer the question. Please contact human customer service.,"""Judge: Right\nReason: The student's reply correctly acknowledges the limitation of the system in diagnosing the issue and refers the user to the appropriate channel for further assistance, which aligns with the teacher's standard reply. Although the student's response is less detailed than the teacher's, it still provides the necessary information for the user to proceed."""
nicknameNotInSystem,What is the reason for not being able to upload answer sheets?,The reason for not being able to upload answer sheets is unknown and the user should contact human customer service for assistance.,The reason for not being able to upload answer sheets could be due to not being approved in the system. Users must be approved before attempting to upload answer sheets.,"""Judge:Right;\nReason: The student provides a potential reason for the issue which is aligned with the teacher's standard reply about the issue being \""unknown\"" and the need for further assistance. The student's reply suggests a possible cause, which does not contradict the teacher's reply, and adds that users must be approved before uploading, which is a valid piece of extra information."""
nicknameNotInSystem,Can you explain why answer sheets cannot be uploaded?,The reason for not being able to upload answer sheets is unknown and the user should contact human customer service for assistance.,I cannot answer the question. Please contact human customer service.,"""Judge: Right\nReason: The student's response is aligned with the teacher's standard reply, indicating that the issue is unresolved and human customer service should be contacted for assistance. Although the student's reply is brief, it conveys the same message as the teacher's reply."""
nickname8789067,What is my status in the system?,The user's role in the system is a Team Leader User.,The final answer states that the system cannot provide information on the user's status and advises contacting human customer service for assistance.,"""Judge: Wrong\nReason: The student's reply is completely different from the teacher's standard reply. The student indicates that the system cannot provide the user's status, while the teacher's reply clearly states the user's role as a Team Leader. The student's response does not align with the teacher's in terms of the information provided."""
nickname8789067,How am I classified in the system?,The user's role in the system is a Team Leader User.,The user is classified as a Team Leader in the system.,"""Judge: Right\nReason: The student's reply accurately reflects the user's role in the system as stated in the teacher's standard reply, which is \""Team Leader User.\"" The student's response is slightly more concise, but still correct in the context of the information provided."""
nickname8789067,What role do I have in the system?,The user's role in the system is a Team Leader User.,Your role in the system is a Team Leader User.,"""Judge: Right\nReason: The student's reply matches the teacher's standard reply exactly, confirming the user's role in the system as a Team Leader User."""
nickname8789067,How am I identified in the system?,The user's role in the system is a Team Leader User.,Contact human customer service for assistance with identifying yourself in the system.,"""Judge: Wrong\nReason: The student's reply does not align with the teacher's standard reply. The teacher's reply provides direct information about the user's role in the system, while the student's reply suggests contacting customer service, which is not the same as the teacher's response. The student's reply does not provide the requested identification information."""
nickname8789067,What is my designation within the system?,The user's role in the system is a Team Leader User.,"The summary of the final answer is that based on the information provided, the designation within the system is Team Leader.","""Judge: Right\nReason: The student's reply aligns with the teacher's standard reply in terms of the user's role in the system being a Team Leader. Although the student provides a slightly more verbose response by including \""The summary of the final answer is that based on the information provided,\"" the core information about the user's designation is consistent with the teacher's reply."""
nickname0409311,What is my role in the system?,You are arbitar.,The answer states that it cannot answer the question and advises contacting human customer service for assistance.,"""Judge: Wrong\nReason: The student's reply is incorrect as it does not provide the user's role in the system, which was the original question. The student's response to refer to customer service is not aligned with the teacher's standard reply, which directly states the user's role as 'arbitar'."""
nickname0409311,How am I identified in the system?,You are arbitar.,"The system does not provide specific details on how users are identified, so users should contact human customer service for further assistance.","""Judge: Wrong\nReason: The student's reply does not align with the teacher's standard reply. The teacher's reply provides a direct identification of the user in the system, whereas the student's reply states that the system does not provide specific details and suggests contacting customer service, which is not consistent with the information given by the teacher."""
nickname0409311,What is my status within the system?,You are arbitar.,The user's status within the system is that of an arbiter user.,"""Judge: Right\nReason: The student's reply aligns with the teacher's standard reply in term of the user's status within the system. Although the student's reply is more descriptive, it still correctly reflects the user's status as an \""arbiter,\"" which matches the teacher's response."""
nickname0409311,Can you tell me how I am categorized in the system?,You are arbitar.,The final answer states that the system cannot provide information on how the individual is categorized and advises them to contact human customer service for assistance.,"""Wrong;Reason: The student's reply is different from the teacher's standard reply. The teacher's reply provides a direct answer to the user's category in the system, while the student's reply indicates that the system cannot provide this information, suggesting a different outcome or response to the same query."""
nickname0409311,What is my classification in the system?,You are arbitar.,the operation failed because you are not an admin and do not have the necessary permissions to view your classification in the system.,"""Wrong;Reason: The student's reply is incorrect as it contradicts the teacher's standard reply. The teacher's reply indicates that the user does have a classification in the system, which is \""arbiter,\"" whereas the student's reply suggests that the user is unable to view their classification due to lack of permissions. This is a different reason for the failure than what the teacher provided."""
nickname3672373,What am I in the system?,"Based on the information provided, you are identified as a vice team leader in the system.",The user is identified as a vice_teamleader in the system based on the query information.,"""Right;Reason: The student's reply matches the teacher's standard reply in terms of the role identified in the system. The student's use of an underscore in \""vice_teamleader\"" does not change the meaning and can be considered a minor difference in formatting."""
nickname3672373,What is my role in the system?,"Based on the information provided, you are identified as a vice team leader in the system.",Your role in the system is a Vice Team Leader User.,"""Judge:Right;\nReason: The student's reply correctly identifies the user's role in the system as a Vice Team Leader, which aligns with the teacher's standard reply. The student's reply provides a slightly more detailed description of the role by adding \""User,\"" but this does not contradict the teacher's reply and can be considered additional, but correct, information."""
nickname3672373,How am I identified in the system?,"Based on the information provided, you are identified as a vice team leader in the system.",You are identified in the system as a vice_teamleader user.,"""Judge: Right\nReason: The student reply provides the same information as the teacher's standard reply, indicating that the user is identified as a vice team leader in the system. The student's use of an underscore in \""vice_teamleader\"" does not change the meaning and can be considered a minor variation in formatting."""
nickname3672373,What is my status in the system?,"Based on the information provided, you are identified as a vice team leader in the system.",The summary of the final answer is that the individual's status in the system is as a vice team leader and their approval has been confirmed.,"""Judge: Right\nReason: The student's reply aligns with the teacher's standard reply in terms of the user's status in the system being a vice team leader. The additional information about the approval being confirmed does not contradict the teacher's reply and can be seen as extra, supporting information."""
nickname3672373,Can you tell me my position in the system?,"Based on the information provided, you are identified as a vice team leader in the system.",The user's position in the system is as a vice_teamleader.,"""Judge: Right\nReason: The student's reply correctly identifies the user's position in the system as a vice team leader, which aligns with the teacher's standard reply. The underscores in \""vice_teamleader\"" do not change the meaning and can be considered a minor discrepancy or a stylistic choice."""
nickname3672373,Am I team leader in the system?,"The query is about whether the person is a team leader in the system, and the final answer states that they are a Vice Team Leader, not a Team Leader.",The user is a Vice Team Leader in the system.,"""Judge: Right\n\nReason: The student's reply aligns with the teacher's final answer regarding the user's role in the system. The student correctly identifies the user as a Vice Team Leader, which is the same information provided by the teacher's standard reply, despite the original query being about being a team leader. Since the student's reply is consistent with the teacher's in terms of the role, it is considered correct."""
nickname3672373,Am I currently designated as the team leader in the system?,"The query is about whether the person is a team leader in the system, and the final answer states that they are a Vice Team Leader, not a Team Leader.","The individual is designated as a Vice Team Leader in the system, not as the Team Leader.","""Judge: Right; Reason: The student's reply correctly reflects the information provided in the teacher's standard reply, stating that the individual is a Vice Team Leader, not a Team Leader, which aligns with the teacher's response to the user's query."""
nickname3672373,Is the system recognizing me as the team leader?,"The query is about whether the person is a team leader in the system, and the final answer states that they are a Vice Team Leader, not a Team Leader.",The system recognizes the individual as the Vice Team Leader and not the Team Leader.,"""Judge: Right\nReason: The student's reply correctly reflects the information provided in the teacher's standard reply, stating that the individual is recognized as a Vice Team Leader, not a Team Leader, which aligns with the teacher's response to the user's query."""
nickname3672373,Do I hold the position of team leader in the system?,"The query is about whether the person is a team leader in the system, and the final answer states that they are a Vice Team Leader, not a Team Leader.","You are in the system as a Vice Team Leader User, not a Team Leader User.","""Judge: Right\nReason: The student's reply correctly reflects the user's position in the system as a Vice Team Leader, which aligns with the teacher's standard reply about the user not being a Team Leader but a Vice Team Leader. The student provides the same level of detail as the teacher's standard reply, thus being right."""
nickname3672373,Have I been assigned as the team leader in the system?,"The query is about whether the person is a team leader in the system, and the final answer states that they are a Vice Team Leader, not a Team Leader.","The user has been assigned as a Vice Team Leader User in the system, not as a Team Leader User. They are advised to contact CPHOS directly via WeChat group chat for further clarification or questions.","""Judge: Right\nReason: The student's reply correctly reflects the user's role as a Vice Team Leader, which aligns with the teacher's standard reply. Additionally, the student provides extra information about contacting CPHOS, which does not contradict the teacher's reply and could be considered helpful."""
nickname0409311,Why I cannot unzip the test sheets?,You may use a software called 7zip.,Contact human customer service for assistance with unzipping the test sheets.,"""Judge: Wrong\nReason: The student's reply does not align with the teacher's standard reply. The teacher provides a specific solution (using 7zip software), while the student suggests contacting customer service, which is not the same advice."""
nickname0409311,What is preventing me from unzipping the test sheets?,You may use a software called 7zip.,The final answer states that the question cannot be answered and advises contacting human customer service for assistance with unzipping the test sheets.,"""Judge: Wrong\nReason: The student's reply is incorrect as it does not provide the same information or advice as the teacher's standard reply. The teacher suggests using a specific software called 7zip to unzip the test sheets, while the student's reply is non-committal and suggests contacting customer service without providing a direct solution."""
nickname0409311,"I am unable to unzip the test sheets, why is that?",You may use a software called 7zip.,I cannot answer the question. Please contact human customer service.,"""Wrong;Reason: The student's reply does not provide any solution or assistance to the user's problem, unlike the teacher's standard reply which suggests a possible solution (using 7zip software). The student's response to refer to human customer service is not aligned with the teacher's reply, and in this context, is considered incorrect as it does not address the user's query."""
nickname0409311,"The test sheets are not unzipping for me, what could be the reason?",You may use a software called 7zip.,I cannot answer the question. Please contact human customer service.,"""Wrong;Reason: The student's reply does not provide any assistance or information regarding the issue, unlike the teacher's standard reply which suggests a potential solution. The student's response to refer to customer service is not aligned with the teacher's reply, and in this context, the student's reply is considered incorrect as it does not address the user's query."""
nickname0409311,Can you explain why I am having difficulty unzipping the test sheets?,You may use a software called 7zip.,The final answer directs the individual to contact human customer service for assistance with unzipping the test sheets.,"""Judge: Wrong\nReason: The student's reply does not align with the teacher's standard reply. The teacher suggests using a specific software (7zip), while the student suggests contacting human customer service, which is not the same solution. The student's response does not provide the same or additional helpful information as given by the teacher."""
nickname8789067,What should be done if student information is inaccurate?,"To correct errors in student information, access the official CPHOS mini-program and go to ""My"" -> ""Candidate Information"" -> ""Edit"" to make the necessary changes.",Contact human customer service for assistance with inaccurate student information.,"""Judge:Wrong;\nReason: The student's reply suggests a different course of action than the teacher's standard reply. The teacher instructs to use the CPHOS mini-program to edit the information, while the student suggests contacting customer service, which is not in alignment with the teacher's instructions."""
nickname8789067,"In case of incorrect student information, what steps should be taken?","To correct errors in student information, access the official CPHOS mini-program and go to ""My"" -> ""Candidate Information"" -> ""Edit"" to make the necessary changes.","To correct incorrect student information, open the official CPHOS mini-program, navigate to ""My"" -> ""Candidate Information"" -> ""Edit"" to make the necessary changes.","""Judge: Right\nReason: The student provides the same steps as the teacher for correcting errors in student information, thus aligning with the teacher's standard reply."""
nickname8789067,"If student information is wrong, what actions need to be taken?","To correct errors in student information, access the official CPHOS mini-program and go to ""My"" -> ""Candidate Information"" -> ""Edit"" to make the necessary changes.","To correct wrong student information, you should access the official CPHOS mini-program, go to ""My"" -> ""Candidate Information"" -> ""Edit"" to make the necessary changes.","""Judge: Right\nReason: The student's reply provides the same instructions as the teacher's standard reply on how to correct errors in student information. The student's response is aligned with the teacher's in terms of content and instructions given."""
nickname8789067,How to proceed if there are errors in student information?,"To correct errors in student information, access the official CPHOS mini-program and go to ""My"" -> ""Candidate Information"" -> ""Edit"" to make the necessary changes.",Contact human customer service for assistance with errors in student information.,"""Judge: Wrong\nReason: The student's reply suggests a different course of action than the teacher's standard reply. The teacher instructs to use the official CPHOS mini-program to correct the errors, while the student suggests contacting customer service, which does not align with the teacher's instructions."""
nickname8789067,"If student information is not accurate, what should be the next course of action?","To correct errors in student information, access the official CPHOS mini-program and go to ""My"" -> ""Candidate Information"" -> ""Edit"" to make the necessary changes.","To change inaccurate student information, the next course of action would be to access the official CPHOS mini-program, navigate to ""My"" -> ""Candidate Information"" -> ""Edit"".","""Judge: Right\nReason: The student's reply provides the same course of action as the teacher's standard reply, which is to access the CPHOS mini-program and edit the student information. The student's reply is a paraphrase of the teacher's instructions but still conveys the correct steps to take."""
nickname8789067,Why you have not approved me into the system?,You should have been approved to the system./Please contact human customer service,The final answer states that the system cannot answer the question and advises the user to contact human customer service for assistance.,"""Judge: Right\nReason: The student's reply indicates that the system is unable to provide a direct answer and refers the user to contact human customer service, which aligns with the teacher's standard reply suggesting the same course of action. Although the student's reply is not an exact match, it conveys the same essence of the teacher's response, thus can be considered right."""
nickname8789067,Why have I not been granted access to the system?,You should have been approved to the system./Please contact human customer service,The answer states that the user should contact human customer service for assistance with accessing the system.,"""Judge: Right\nReason: The student's reply aligns with the teacher's standard reply by advising the user to contact human customer service, which is the same course of action suggested by the teacher. Although the student's reply is a bit more concise, it still conveys the necessary information for the user to resolve their issue."""
nickname8789067,Can you explain why I have not been approved in the system?,You should have been approved to the system./Please contact human customer service,"If the status is ""Not in the System"", it means the user did not log in as required during registration, resulting in a lack of approval in the system.","""Judge:Right;\nReason: The student provides an explanation that aligns with the teacher's standard reply, indicating a potential reason for not being approved in the system. Although the student's reply is more detailed, it does not contradict the teacher's response and offers additional useful information."""
nickname8789067,What is the reason for not approving me into the system?,You should have been approved to the system./Please contact human customer service,I cannot answer the question. Please contact human customer service.,"""Judge: Right\nReason: The student's reply acknowledges the limitation of their ability to answer the question and refers the user to the same course of action as the teacher's standard reply, which is to contact human customer service. This aligns with the teacher's response in terms of the outcome for the user."""
nickname8789067,I would like to know the cause of not being approved into the system.,You should have been approved to the system./Please contact human customer service,Contact human customer service for assistance with understanding the reason for not being approved into the system.,"""Judge: Right\nReason: The student's reply aligns with the teacher's standard reply by suggesting to contact human customer service for assistance with the approval issue. Although the student's reply is less detailed than the teacher's, it still provides the same course of action, making it a correct response to the user's query."""
nickname8789067,Why I cannot unzip the test sheets?,You may use a software called 7zip.,The final answer states that the question cannot be answered and advises contacting human customer service for assistance with unzipping the test sheets.,"""Judge: Wrong\nReason: The student's reply does not align with the teacher's standard reply. The teacher provides a specific solution (using software called 7zip), while the student suggests that the question cannot be answered and to seek human assistance, which does not match the solution provided by the teacher."""
nickname8789067,What is preventing me from unzipping the test sheets?,You may use a software called 7zip.,"To unzip the test sheets, download and use 7zip software and find the passwords for the exam PDFs in the accompanying txt file.","""Judge:Right;\nReason: The student's reply provides the same solution as the teacher (use 7zip software) and also adds extra information about finding passwords in a txt file, which is not contradictory to the teacher's reply. The student's reply gives a more comprehensive solution, which can be seen as additional help and therefore can be judged as right."""
nickname8789067,Why are the test sheets not able to be unzipped?,You may use a software called 7zip.,Contact human customer service for assistance with unzipping the test sheets.,"""Judge: Wrong\nReason: The student's reply does not align with the teacher's standard reply. The teacher suggests using a specific software (7zip), while the student suggests contacting customer service, which is a different course of action."""
nickname8789067,"I am having trouble unzipping the test sheets, what could be the issue?",You may use a software called 7zip.,The final answer states that the question cannot be answered and advises contacting human customer service for assistance with unzipping the test sheets.,"""Judge: Wrong\nReason: The student's reply does not align with the teacher's standard reply. The teacher provides a specific solution (using 7zip software), while the student suggests that the question cannot be answered and refers to customer service, which is not in line with the teacher's response."""
nickname8789067,"The test sheets are not unzipping, what could be the reason?",You may use a software called 7zip.,I cannot answer the question. Please contact human customer service.,"""Wrong;Reason: The student's reply does not provide any assistance or information to the user's query, whereas the teacher's standard reply offers a potential solution. The student's response to refer to customer service is not aligned with the teacher's standard reply, which aims to provide a direct answer to the user's problem."""
nickname8789067,"After the deadline, can the answer sheets be uploaded?",No.,"Answer sheets cannot be uploaded after the deadline. It is important to complete the upload within the specified time frame. In case of special circumstances, contact customer service and the CPHOS technical team promptly for assistance.","""Judge: Right\n\nReason: The student's reply aligns with the teacher's standard reply, stating that answer sheets cannot be uploaded after the deadline. Additionally, the student provides extra information about the importance of adhering to the deadline and suggests contacting customer service for assistance in special circumstances. This additional information does not contradict the teacher's reply and could be seen as helpful guidance."""
nickname8789067,Is it possible to upload answer sheets after the deadline?,No.,"Once the deadline has passed, answer sheets cannot be uploaded. If there are exceptional circumstances, it is recommended to contact customer service for further assistance.","""Judge: Right\nReason: The student's reply aligns with the teacher's standard reply, indicating that answer sheets cannot be uploaded after the deadline. Additionally, the student provides extra information about contacting customer service in exceptional circumstances, which is not contradictory to the teacher's reply and could be seen as helpful advice."""
nickname8789067,Are answer sheets allowed to be uploaded after the deadline?,No.,"Answer sheets cannot be uploaded after the deadline has passed. It is important to complete the upload within the specified time. If there are special circumstances, contact customer service and the CPHOS technical team promptly.","""Judge: Right\n\nReason: The student's reply aligns with the teacher's standard reply in terms of the main message, which is that answer sheets are not allowed to be uploaded after the deadline. Additionally, the student provides extra information on what to do in case of special circumstances, which does not contradict the teacher's reply and could be seen as useful advice. Therefore, the student's reply can be judged as right."""
nickname8789067,Can answer sheets be submitted after the deadline has passed?,No.,"Answer sheets cannot be submitted after the deadline has passed. It is important to upload the exam paper within the specified time limit. In case of special circumstances, it is advised to consult customer service and contact the CPHOS technical team promptly.","""Judge: Right\n\nReason: The student's reply aligns with the teacher's standard reply, which is that answer sheets cannot be submitted after the deadline has passed. The student also provides additional information about the importance of uploading within the specified time and suggests a course of action for special circumstances, which does not contradict the teacher's reply and could be seen as helpful extra information."""
nickname8789067,Is there a grace period for uploading answer sheets after the deadline?,No.,I cannot answer the question. Please contact human customer service.,"""Judge: Wrong\nReason: The student's reply does not align with the teacher's standard reply. While the student's response suggests uncertainty and a deferral to customer service, the teacher's standard reply is a direct \""No,\"" indicating that there is no grace period. The student's reply should have provided the same information as the teacher or, if providing extra information, should have still confirmed that there is no grace period."""
nickname0409311,How to add a vice leader?,Please contact liason group for adding vice leader.,the operation failed because there is no team leader with the name provided by the user.,"""Judge: Wrong\nReason: The student's reply does not align with the teacher's standard reply. The teacher's reply is about the process of adding a vice leader, which is to contact the liaison group, whereas the student's reply is about a failure due to a missing team leader, which is a different issue. The student's reply does not provide the correct process as stated by the teacher."""
nickname0409311,What is the process for adding a vice leader?,Please contact liason group for adding vice leader.,I cannot answer the question. Please contact human customer service.,"""Judge: Right\nReason: The student's reply effectively communicates that they are unable to provide the information directly and refers the user to an appropriate channel for assistance, which aligns with the teacher's standard reply to contact the liaison group. Although the student's response does not mention the liaison group by name, the essence of the message to seek assistance from customer service is similar in terms of redirecting the query to a proper authority."""
nickname0409311,Can you explain how to designate a vice leader?,Please contact liason group for adding vice leader.,"To designate a Vice Team Leader User, one must contact CPHOS via WeChat group chat to request the setup. By default, all newly reviewed teachers are designated as Team Leader Users, but if a school requires a Vice Team Leader User, they need to contact CPHOS for assistance.","""Judge: Right\n\nReason: The student provides a similar response to the teacher's standard reply, explaining the process of designating a vice leader, which includes contacting a relevant group (CPHOS in this case), even though they mention a different group (liaison group in the teacher's reply). The core message of contacting a specific entity for the purpose of adding a vice leader is consistent, and the student provides additional information that does not contradict the teacher's reply, thus making the student's reply acceptable and considered right."""
nickname0409311,Adding a vice leader - how is this done?,Please contact liason group for adding vice leader.,I cannot answer the question. Please contact human customer service.,"""Judge: Right\nReason: The student's reply, though not as detailed as the teacher's, still aligns with the teacher's standard reply by suggesting that the question should be directed to another entity (customer service in this case), similar to the teacher's direction to contact the liaison group. The student's response does not provide incorrect information and effectively communicates that the action cannot be performed directly by the student."""
nickname0409311,Instructions for appointing a vice leader?,Please contact liason group for adding vice leader.,"To appoint a vice leader, contact the external liaison with the deputy leader's WeChat nickname, school, and name. The deputy leader teacher must log in to the mini-program for authorization and wait for backend review. Once approved, the teacher can use their WeChat to log into the mini-program.","""Judge: Right\n\nReason: The student's reply provides detailed instructions on how to appoint a vice leader, which is consistent with the teacher's standard reply. Although the student's response is more detailed, it does not contradict the teacher's reply and can be considered as providing additional helpful information."""
Auto-checked Correctly answered number: 54/74,Auto-checked Wrongly answered number: 20/74
